file,status,note
0014240_7651657553662840118_我帮罗永浩做了一个怼人PPT生成器！效果炸裂！.txt,ok,字数 657->680
0006251_7639292469334592822_散户也能用AI炒股啊？！.txt,ok,字数 1034->1035
0012238_7650403123424431366_来自未来的AI汽车，是什么样？ @AIVA汽车.txt,ok,字数 1236->1242
0001302_7679506996273433856_untitled.txt,ok,字数 1476->1476
0015015_7596670707807948070_终结所有网红“照骗”！高德告诉你什么是真正的上帝视角.txt,ok,字数 1404->1418
0015066_7620034497131597092_啊一键把 AI 接进飞书后，它开始自己干活了！.txt,ok,字数 1277->1277
0017235_7680557810098228523_终于找到了免费的视频模型！让我复刻一段牛来！.txt,ok,字数 1023->1020
0016705_7651261934737640704_不会音乐，用AI做出了世界杯主题曲！.txt,ok,字数 1736->1736
0018133_7676327939583069440_机器狗竟然能带我上厕所，高德有点东西！.txt,ok,字数 984->984
0020004_7637177754944916771_千万别让老板刷到！我边旅行边用 AI 上班.txt,ok,字数 1470->1471
0021114_7605543471700577571_即梦又出大招，AI 生图5.0！能联网的生图模型.txt,ok,字数 692->692
0020538_7634245074104093979_【抖音独家】勇闯美国 Google Cloud 大会！ 受 Google 邀请，爆肝开发48小时，开发神秘AI，勇闯.txt,ok,字数 2143->2157
0021725_7605193267965119778_Seedance2.0开启AI视频社交时代，变态玩法！.txt,ok,字数 732->727
0020724_7654882385955261723_实测豆包大模型Seed 2.1！今天起重新认识一下豆包.txt,ok,字数 2118->2182
0022234_7604518265968250127_我用 AI 做了手势控制飞剑的游戏！.txt,ok,字数 1329->1327
0023533_7675962799016791359_百万博主教你用AI做自媒体.txt,ok,字数 1455->1459
0023400_7655010373950590223_AI时代，所有人都应该用语音输入.txt,ok,字数 1884->1890
0026661_7620818172282801444_用意念下棋，脑机接口发展这么快!.txt,ok,字数 1362->1362
0024335_7645128072575978802_整顿破碎的互联网，拯救吃灰的收藏夹.txt,ok,字数 2704->2729
0027085_7622318747323256079_惊! 养虾继续爆火，李诞 何同学 小Lin说 分享超强案例！.txt,ok,字数 1703->1703
0026375_7600485721236868387_指挥大军！用 Kimi K2.5，一次控制100个Agent.txt,ok,字数 2631->2627
0027906_7657758860245077302_职场必杀技：工作汇报的变态技巧.txt,ok,字数 1346->1358
0028896_7640832491498081586_为什么开发者都在用飞书CLI？.txt,ok,字数 1310->1341
0030457_7670439950847888690_小云雀Seedance2.5实测：夯爆了.txt,ok,字数 1617->1617
0028041_7639287448865983759_一个重度拖延症患者的 AI 自救.txt,ok,字数 3259->3275
0028864_7675711112620412214_前沿科技首发计划｜对谈Google高管，如何开发AI产品赚钱.txt,ok,字数 4346->4391
0032207_7631885100325588276_AI做短剧有多简单？横店都被搬空了.txt,ok,字数 1102->1102
0033113_7656051995786235186_3分钟AI设计指南，PPT海报网站全拿捏.txt,ok,字数 1245->1267
0031577_7617497904151792911_手把手教你AI炒股！智谱澳龙，普通人的龙虾.txt,ok,字数 3342->3347
0035162_7631430601303756095_为了全自动哄老婆，我总结了无敌的 AI 技巧.txt,ok,字数 1775->1786
0036528_7672440275951750426_AI时代，所有人都应该离开电脑.txt,ok,字数 1475->1481
0035760_7677096711386352932_我用 OiiOii 3D风格库，轻松制作漫剧，社畜狂扁老板！.txt,ok,字数 1965->1969
0037448_7664442481907485967_【抖音精选独家】我在世界人工智能大会，用到 AI 智能体手机.txt,ok,字数 1221->1224
0040232_7592591572378701083_全自动做表格？Excel 杀手来了！.txt,ok,字数 1049->1052
0041967_7627279543803366665_我免费帮助400人用AI赚到了钱！.txt,ok,字数 1208->1209
0042507_7659377740361075977_认知提升｜普通人为什么一定要看科技视频？.txt,ok,字数 1426->1427
0040250_7606343653593730304_5分钟教你开发视频生成软件！Seed2.0超强Agent能力.txt,ok,字数 2064->2118
0041521_7663818808221502771_对不起，我颠覆了 Excel！感谢 Kimi K3！.txt,ok,字数 2939->2961
0044721_7662650878507191606_爆肝7天，打造 AI 学习路线图！ 点赞+评论+关注获取文档和skill哦！.txt,ok,字数 1393->1402
0045620_7660437598887824659_参观高通总部，见到92岁创始人！我陷入了沉思.txt,ok,字数 2658->2685
0044015_7606037957476240675_GLM-5 一战封神，如何用他构建全自动开发系统.txt,ok,字数 3393->3403
0054340_7625854335334796571_如何用AI，让小猫，变成社畜.txt,ok,字数 1666->1666
0054877_7619268893584018739_学AI，推荐你看这8个宝藏博主！.txt,ok,字数 1462->1465
0055127_7646958660077227310_教你3分钟搭建AI团队，多Agent协作指南 评论点赞关注，我会发你文档哒！.txt,ok,字数 1300->1304
0070171_7673186796875828480_Seedance 2.5杀疯了！上海老太都开始屠龙了？.txt,ok,字数 1450->1459
0059542_7647758531097152777_终于找到了免费的AI大模型，文字图片视频都能生成.txt,ok,字数 1438->1450
0083848_7648545420565548322_4招炸裂技巧，教你用AI做Excel 点赞+收藏+评论，会私你文档！.txt,ok,字数 1553->1555
0087569_7648291911240830218_8000万播放，抖音上人人都开始做软件了？.txt,ok,字数 612->616
0100782_7626747241792802098_搭建全网千万收藏的 AI 第二大脑，3分钟教会你！.txt,ok,字数 1579->1579
0126058_7668227661080087859_我的 AI 竟然开始接管公司.txt,ok,字数 1230->1232
0109125_7642960345761467711_【抖音独家】诺奖得主，试用我的软件！勇闯Google IO.txt,ok,字数 1748->1794
0088891_7666310570433416511_【抖音精选App独家】手把手教你部署本地 AI，发挥显卡价值 发挥 RTX AI PC 的潜能！.txt,ok,字数 2601->2644
0134145_7616387081048231231_如何50秒一键部署OpenClaw，全自动赚钱.txt,ok,字数 1217->1299
0132624_7597038061596029574_爆肝100小时，打造学习路线图，让你制霸AI时代.txt,ok,字数 1400->1410
0244169_7596288949337754930_为了征服女老板，我发明了无敌的 AI 技巧.txt,ok,字数 1137->1140
0654438_7620742529088081162_3招炸裂技巧，教会你用AI做PPT 技巧都整理成文档了！【点赞+关注】即可获得！.txt,ok,字数 980->982
0530556_7655589806063373603_我把手机变成AI指挥中心.txt,ok,字数 1303->1308
